{"mu": 3.922449431566514, "sig": 1.7009667475573882, "max": 11}